Ost;Nord
1497020;6660010
1755160;7268380
1756900;7263400
1753690;7268390
1460680;7019410
1767500;7250700
1332680;6745440
1274570;6385850
1688000;7215000
1712750;7097050
1712850;7096650
1559600;7497600
1665450;7398550
1657550;7397550
1339040;6738880
1348090;6724830
1602630;6647669
1480600;6726970
1643455;6363555
1624830;7586190
1644600;6997100
1643400;6996400
1465750;7195200
1284500;6400400
1292670;6418920
1264170;6404590
1284500;6400400
1284500;6400400
1320440;6774290
1568800;7217800
1338400;6739030
1687600;7112100
1328700;6961900
1468050;7301700
1623000;7587400
1266360;6403470
1676000;7385000
1448435;6637719
1452800;6641457
1331280;6656020
1626870;7599550
1690100;7543900
1619800;7602800
1307610;6769010
1451655;6508455
1463119;6566006
1719470;7210820
1654150;6682740
1722040;7134460
1689200;7104280
1720450;7082700
1714955;7378465
1470400;6630500
1724500;7089700
1500980;6938070
1419740;6759790
1323280;6759730
1516980;7332580
1397530;6210700
1653156;6359618
1672674;6361666
1674654;6363007
1661813;6363715
1658688;6366551
1647887;6372072
1653270;6359617
1281670;6359820
1682450;7131300
1374500;6482000
1532358;6347053
1308970;6290470
1749800;7085410
1364300;6291500
1395830;6217320
1292780;6401490
1706180;7308600
1740000;7538100
1402240;6239410
1344390;6730880
1325800;6707420
1530780;6487514
1722187;7134327
1655370;7150376
1652711;7152599
1647000;7163300
1330319;6301758
1708338;6431435
1708473;6431502
1466492;6291804
1332147;6272812
1353201;6381152
1465398;6670335
1330319;6301758
1330319;6301758
1482386;6371455
1261030;6445800
1544700;6645465
1590394;6711951
1335240;6276790
1484628;6699871
1590394;6711951
1423839;6881376
1325150;6754110
1335700;6760760
1350510;6523690
1655933;7156155
1622000;7588300
1694000;7064000
1729868;7162784
1317500;6666300
1706100;7105900
1622000;7588300
1316540;6774020
1351010;6720000
1419740;6759790
1750000;7072500
1665170;6577550
1357450;6706260
1475401;7224633
1474944;7222978
1474944;7222978
1468706;7220742
1474471;7204187
1462770;7189250
1465590;7194600
1465860;7193140
1474699;7222070
1375555;6595555
1738362;7238370
1742351;7269471
1678721;7410536
1667512;7422931
1673631;7445146
1527511;7473336
1383530;6641570
1345020;6730150
1670450;7062750
1350300;6720850
1578781;7509606
1366103;6587247
1646800;6390430
1325200;6707340
1325200;6707340
1325200;6707340
1667555;6389555
1656850;7178500
1673425;6651515
1657100;7178200
1778555;7161555
1778555;7161555
1684555;6420555
1759555;7208555
1759555;7208555
1494555;6793555
1494555;6792555
1738956;7258624
1778555;7161555
1759555;7208555
1493555;6793555
1357850;6706300
1340820;6735630
1552000;7302000
1357850;6706300
1515900;6501838
1439451;6466884
1551590;7301640
1551590;7301640
1595602;6617458
1595602;6617414
1595684;6617544
1629771;6658418
1778000;7161000
1723230;7084884
1352310;6275850
1352310;6275850
1341120;6291820
1341120;6291820
1336290;6839680
1785019;7284402
1335700;6760760
1789181;7283182
1698867;7223437
1258860;6398550
1345109;6955050
1341120;6291820
1464800;7191550
1462770;7189250
1624310;7272220
1532560;6346540
1378260;6589060
1351452;6614248
1471000;6677000
1544060;6245370
1369100;6687330
1619380;7589150
1619150;6516400
1371942;6578654
1351010;6720000
1350300;6720850
1478755;7207675
1371942;6578654
1470267;6664705
1492700;7252750
1515020;7250120
1725341;7089738
1654223;7153512
1377520;6487926
1505868;7125653
1508612;7121922
1722023;7069035
1709687;7090925
1607540;6537280
1721480;7091040
1808110;7384390
1646290;6552030
1669360;6580100
1623770;6536620
1661490;6560050
1652380;6550630
1651760;6546560
1393460;6611540
1380200;6164180
1393460;6611540
1541823;7069186
1572298;6981642
1638123;6989593
1575434;6974756
1594910;7050731
1593211;7051012
1527284;7052574
1527329;7052553
1592693;7051087
1527284;7052574
1605168;7061184
1605235;7061321
1605120;7061184
1605973;7062137
1559594;7063578
1559594;7063578
1559594;7063578
1559561;7063639
1559561;7063639
1559561;7063639
1557488;7064032
1540481;7070388
1540481;7070388
1544276;7078238
1716050;7605400
1730940;7517510
1690050;7545430
1678489;7543755
1622530;7587875
1678489;7543755
1544276;7078238
1446701;6249373
1661490;6560050
1557488;7064032
1571626;7517147
1678868;7410733
1540458;7070372
1540481;7070388
1546521;6612653
1542609;7080605
1542609;7080605
1242390;6552700
1592693;7051087
1605168;7061184
1605235;7061321
1605235;7061321
1632723;7079357
1631192;7086192
1665100;6577560
1570883;7011727
1545891;7018516
1263680;6403800
1592693;7051087
1528791;7473065
1528791;7473065
1419800;6759800
1369369;6725526
1368819;6726981
1489236;6674956
1489210;6674848
1400640;6754615
1400799;6754542
1400715;6754394
1412078;6760799
1426249;6688672
1397014;6722014
1369280;6725510
1393308;6707569
1620080;6592810
1400826;6703323
1456310;7325470
1399250;6369114
1747980;7124900
1473310;6328710
1452680;7305690
1418010;6707755
1450940;7306930
1648600;6393300
1451530;7323550
1458070;7328620
1704900;6432800
1650500;6314300
1312000;6950100
1316700;6945200
1328700;6961900
1677900;7405300
1707800;7456100
1617900;7593300
1603530;7593970
1597100;7594500
1674100;6372300
1653410;6368790
1648300;6353400
1650700;6370700
1672400;6414500
1399190;6281900
1674100;6372300
1653410;6368790
1424700;6249300
1696900;6422300
1640800;6369100
1396504;6707734
1474800;6800600
1474800;6800600
1463050;6797700
1343850;6285950
1641261;6713823
1474800;6800600
1463050;6797700
1474800;6800600
1474800;6800600
1409869;6722558
1409869;6722558
1410213;6722076
1395354;6707888
1451538;6787995
1400112;6961635
1389957;6982767
1600902;7329506
1394797;6705961
1675010;6358970
1784300;7333400
1465384;6785905
1759100;7208100
1394630;6704298
1825355;7474055
1342670;6279030
1326210;6757650
1323650;6760250
1327850;6768170
1336920;6762090
1605168;7061184
1257800;6398320
1640940;6537300
1592693;7051087
1596840;6979470
1258860;6398550
1393460;6611540
1293160;6401760
1719959;7093641
1393355;6729236
1446437;6249398
1446701;6249373
1327560;6577490
1638640;6382360
1693150;7633920
1691510;7630030
1681600;7085600
1428976;6771547
1750595;7563194
1745310;7567083
1715110;7195760
1446701;6249373
1446885;6247425
1351010;6720000
1369100;6687330
1645442;7102023
1446437;6249398
1349060;6211890
1420108;6256842
1456450;6745010
1602333;7105582
1703106;7176190
1709910;7090572
1601442;7105013
1597826;7108400
1723774;7069386
1492991;6943387
1461818;6232909
1601660;6643020
1465590;7194600
1265030;6397280
1538560;7468310
1366103;6587247
1358410;6175540
1486921;6260193
1351010;6720000
1348090;6724830
1449920;7198910
1394859;6183710
1392095;6201430
1348200;6724840
1357730;6706200
1357890;6706230
1366940;6587360
1436420;6848740
1354290;6652270
1363036;6227403
1679348;7100107
1679394;7099891
1692780;7110340
1679131;7098912
1364910;6690670
1620460;6524300
1679136;7098893
1687551;6422027
1683127;7139730
1351920;6651960
1362990;6694770
1679335;7100136
1633350;7531660
1325800;6707420
1328700;6961670
1325800;6707420
1682507;7139911
1325800;6707420
1682507;7139911
1231400;6537440
1366300;6584200
1231250;6537450
1489100;6470800
1679344;7100139
1650600;7129600
1318227;6163748
1318307;6163737
1277049;6354246
1651200;7127700
1658000;7147700
1344503;6962794
1572037;6625430
1224724;6537655
1224724;6537655
1354486;6173444
1465860;7193140
1610138;7098182
1368800;6572620
1357850;6706300
1365710;6233680
1482370;6879450
1351570;6651845
1276844;6475361
1357850;6706300
1401712;6479014
1759900;7173500
1302800;6645000
1609482;7098625
1609482;7098625
1691513;7533275
1598381;7098351
1609482;7098625
1609330;7099032
1645801;7027374
1610693;7097473
1610129;7098670
1610693;7097473
1610129;7098670
1610693;7097473
1610133;7098663
1611338;7097049
1605170;7098959
1605170;7098959
1607709;7097686
1605321;7098044
1607709;7097686
1607709;7097686
1607709;7097686
1607709;7097686
1607709;7097686
1691542;7533504
1607709;7097686
1607709;7097686
1284643;6337722
1290115;6531323
1465542;6442580
1691513;7533275
1691247;7533254
1302452;6468651
1607535;7095430
1607535;7095430
1605509;7097375
1312656;6529580
1223433;6540588
1312547;6529341
1653295;7577967
1348090;6724830
1351010;6720000
1366430;6688460
1348380;6724630
1357730;6706200
1465783;6668519
1393460;6611540
1366430;6688460
1758332;7132897
1528015;6537396
1295250;6377260
1731841;7129809
1707916;7292454
1759747;7233637
1654882;7155558
1367583;6239437
1668029;6574719
1778070;7162668
1488933;6470243
1456630;6592657
1368574;6686083
1357910;6706250
1348056;6724884
1374005;6672865
1357909;6769343
1370030;6749780
1369526;6751300
1369526;6751300
1357909;6769343
1342515;6794646
1350405;6225684
1350405;6225684
1397809;6158683
1394783;6168391
1298671;6561723
1267499;6391890
1267499;6391890
1258279;6408550
1258279;6408550
1258279;6408550
1258279;6408550
1384070;6469364
1384070;6469364
1224724;6537655
1224724;6537655
1224724;6537655
1224724;6537655
1239289;6509797
1353201;6381152
1353201;6381152
1277391;6465539
1277391;6465539
1302457;6497239
1546295;6606715
1533892;6692618
1477672;6704704
1485487;6710254
1485487;6710254
1440845;6704414
1440845;6704414
1456242;6735480
1451721;6646462
1572037;6625430
1495652;6650320
1725033;7075459
1444197;6708339
1420830;6715349
1420830;6715349
1385530;6731446
1463820;6783978
1514255;6803396
1530635;6817488
1527706;6828710
1527706;6828710
1529931;6822726
1576003;6742280
1559276;6725209
1559276;6725209
1564200;6702326
1566073;6727749
1566073;6727749
1573707;6732100
1537603;6795081
1493283;6894135
1493283;6894135
1493283;6894135
1493283;6894135
1493283;6894135
1518964;6848389
1518964;6848389
1518964;6848389
1510900;6861563
1510900;6861563
1549143;6758750
1549143;6758750
1500928;6806452
1544697;6720831
1544697;6720831
1556161;6797606
1555629;6797954
1572065;6795124
1511533;6932488
1511533;6932488
1336330;7027799
1336330;7027799
1336330;7027799
1336330;7027799
1336330;7027799
1400976;7023087
1400976;7023087
1410257;7026000
1410257;7026000
1721596;7082928
1791041;7286103
1791041;7286103
1793007;7284698
1793007;7284698
1790109;7287282
1790109;7287282
1589358;6709305
1577076;6588553
1480471;6485375
1409393;6318488
1392980;6341815
1466492;6291804
1721596;7082928
1720173;7084412
1720173;7084412
1513542;6343364
1499339;6401639
1499339;6401639
1441565;6228125
1476076;6233219
1476076;6233219
1322680;6226695
1322680;6226695
1322680;6226695
1322680;6226695
1315965;6207960
1315965;6207960
1393595;6159015
1393595;6159015
1405890;6200905
1404950;6204142
1397066;6213664
1396589;6213044
1513542;6343364
1502125;6374436
1505838;6290678
1607156;7097954
1712659;7096841
1508531;7201761
1663404;6369656
1625423;6549446
1611575;6539822
1636698;7001724
1712017;7136164
1369500;6749800
1646651;7163312
1729868;7162784
1730748;7162556
1715170;7378390
1675722;7153816
1714150;7196130
1750720;7087767
1492950;6943489
1748523;7086397
1441751;6931877
1747854;7085680
1383978;6924217
1736373;7111924
1683672;7125303
1568139;6724113
1574490;6934688
1400600;6436730
1527300;6929200
1553881;6940908
1708480;6431250
1708360;6431190
1708190;6431770
1448805;7307060
1572037;6625430
1352741;6843078
1578724;6910441
1369823;6493940
1353201;6381152
1410257;7026000
1492657;6944052
1619079;6615356
1618828;6615261
1335700;6760760
1619424;6618354
1277470;6351581
1277470;6351581
1290510;6367000
1270510;6410350
1471000;6677000
1574960;6650650
1527706;6828710
1518900;7318100
1456710;6226536
1336762;6215346
1335950;6216770
1270530;6410210
1714955;7378465
1399900;6781400
1400900;6784200
1401400;6784500
1267040;6370290
1369500;6749800
1762568;7347702
1668609;7254512
1438553;6854387
1223433;6540588
1331700;6947300
1635000;7534000
1606860;6648940
1363036;6227403
1710683;7089713
1790337;7280965
1790337;7280965
1288150;6401300
1291520;6401595
1350846;6615088
1367000;7020100
1318300;7020600
1608510;7452028
1318730;6674500
1694465;6634620
1775704;7294077
1369083;6687298
1484170;6220140
1656563;7155169
1656563;7155169
1656563;7155169
1605898;6650218
1610188;7097979
1689109;7128604
1675607;7154177
1775704;7294077
1751042;7191121
1323370;6748020
1501574;6648544
1472381;6720394
1476307;6294675
1753887;7193377
1567674;6937242
1624560;7587174
1608501;7609354
1350380;6720805
1636195;7002002
1778792;7267950
1307207;6471007
1450177;7306348
1357730;6706210
1513035;7259332
1523861;7265033
1404787;7019908
1302452;6468651
1374005;6672865
1510080;7279469
1448645;6785995
1546295;6606715
1480471;6485375
1265578;6396612
1265360;6396926
1265578;6396612
1265578;6396612
1619161;6591075
1673078;6652297
1403257;6280728
1330129;6379239
1722238;7134326
1571679;7430205
1567579;7432114
1719466;7210913
1719244;7211223
1719244;7211223
1650100;6678050
1645890;6567240
1325952;6415936
1702013;7558232
1236850;6535470
1265578;6396612
1265578;6396612
1265360;6396926
1265578;6396612
1323826;6760203
1317374;6763208
1701934;7558303
1324915;6382743
1324915;6382743
1222804;6542249
1324915;6382743
1319454;6455404
1319454;6455404
1304444;6444359
1304444;6444359
1249872;6522363
1268103;6411658
1319454;6455404
1304444;6444359
1328885;6433399
1247385;6547685
1247385;6547685
1701952;7558233
1236850;6535470
1656639;7154845
1656605;7154961
1257091;6398693
1609849;7098404
1523690;6461062
1602991;7100752
1729833;7144928
1727073;7088460
1610182;7097974
1579678;7198135
1312350;6765637
1259202;6399044
1610188;7097979
1259255;6398148
1369083;6687298
1366400;6688211
1357730;6706210
1348056;6724884
1482600;6494210
1350380;6720805
1421836;6480860
1231163;6534274
1722238;7134326
1660436;7102213
1659373;6633167
1355172;6176696
1736286;7111088
1601317;7132463
1422126;7048408
1343552;6729569
1618290;7587770
1357910;6706250
1676870;6370720
1350380;6720805
1849540;7321620
1465094;7230061
1363036;6227403
1623994;7587544
1583531;7174667
1231352;6534187
1550688;6551651
1656611;7154851
1769050;7610131
1720644;7194129
1720644;7194129
1762135;7159006
1744462;7205258
1720325;7194759
1744462;7205258
1720325;7194759
1699256;7209345
1722717;7207460
1722717;7207460
1699256;7209345
1744474;7205393
1722717;7207460
1814824;7317753
1592300;6563090
1336285;6735988
1720370;7192748
1609895;6526209
1720615;7194001
1644168;6990939
1400221;6282608
1405648;6294227
1407072;6296251
1405648;6294227
1321380;6564324
1306957;6548166
1555676;6417515
1301163;6505663
1261325;6405481
1320061;6470311
1261325;6405481
1261753;6411630
1363781;6441310
1301529;6506768
1261325;6405481
1423086;6486628
1261325;6405481
1320061;6470311
1261753;6411630
1388267;6465963
1301163;6505663
1413333;6711474
1387474;6469279
1363781;6441310
1361799;6440564
1525135;6671169
1720325;7194759
1276160;6422900
1264335;6396092
1736516;7112121
1440675;6580371
1728911;7084839
1367392;6580438
1676711;7167941
1621804;7587240
1729933;7144471
1728737;7152612
1609835;7097952
1356610;6681472
1736744;7110907
1358074;6681358
1368205;6756375
1357595;6684831
1323195;6277774
1257856;6445382
1737903;7111090
1678910;7075315
1363036;6227403
1696626;7071817
1392662;6300679
1669747;7108935
1609835;7097952
1302838;6527080
1738130;7111140
1386063;6482658
1673203;7060293
1672992;7059820
1675441;7058267
1623155;7588018
1627061;7587202
1623155;7588018
1760126;7135884
1681600;6627670
1633391;7588531
1338076;6613263
1727785;7149345
1504033;7407732
1524047;7386344
1692624;7110248
1273770;6550630
1369500;6749800
1357552;6882702
1504999;6294898
1363399;6878845
1359016;6877548
1618379;7045759
1618367;7045739
1659807;7037133
1618379;7045759
1659807;7037133
1618367;7045739
1566790;7278273
1595219;7167566
1532445;7291560
1656611;7154834
1656648;7154810
1656640;7154850
1656655;7154847
1737106;7111367
1656640;7154850
1737131;7111377
1737123;7111393
1737106;7111367
1366750;6613600
1366910;6588330
1366910;6588330
1359737;6587450
1357973;6687084
1369120;6573095
1338076;6613263
1621007;6560922
1750342;7276412
1743253;7301410
1637542;6614894
1573733;6570968
1563299;6526957
1419104;6647267
1393748;6611336
1621841;7587896
1575917;6651482
1448915;6786810
1448645;6785995
1736267;7111893
1336285;6735988
1324697;6736665
1274800;6451300
1411674;6492915
1397170;6518674
1392713;6472581
1392713;6472581
1392713;6472581
1384104;6447760
1384104;6447760
1384104;6447760
1357253;6481811
1357253;6481811
1357253;6481811
1353912;6415230
1353912;6415230
1353912;6415230
1350574;6401412
1350574;6401412
1350574;6401412
1350574;6401412
1350574;6401412
1347742;6435026
1347742;6435026
1335339;6351451
1303610;6459049
1298951;6402646
1298951;6402646
1282170;6493370
1273908;6522190
1273908;6522190
1230261;6537806
1411674;6492915
1339809;6732488
1326628;6364587
1230261;6537806
1224502;6540088
1230261;6537806
1230261;6537806
1224502;6540088
1224502;6540088
1224502;6540088
1421872;7163712
1444340;6550090
1438533;6540543
1676592;7167741
1714931;7459225
1715452;7458909
1755773;7508313
1737104;7111394
1298605;6233501
1793907;7457628
1644626;7310728
1598831;6636876
1503364;7189458
1481869;6610928
1636069;7107477
1458138;7245686
1528021;7150874
1639274;7105079
1761564;7225221
1537193;7135561
1539816;7136008
1543861;7208639
1530216;7139431
1357552;6882702
1359571;6588400
1327478;6400085
1346303;6682985
1713602;7093526
1712960;7096598
1402126;6578120
1541361;7208703
1549679;7214328
1628473;6603485
1490075;6944423
1489957;6944448
1509385;6907355
1490028;6944463
1502270;6912626
1517792;6911481
1533289;6904114
1562131;6950419
1576326;6929758
1489232;6942295
1562102;6950344
1490075;6944423
1500944;6923727
1576299;6929760
1623541;7587871
1622178;7588315
1359737;6587450
1342515;6794646
1245332;6546717
1245051;6546796
1247342;6547622
1622671;7588229
1624496;7587374
1368765;6630225
1629084;6597364
1621513;7588018
1359737;6587450
1359737;6587450
1620772;6558172
1620805;6558163
1748829;7415073
1489289;6942290
1621288;6558004
1609835;7097952
1738043;7111113
1677550;7077036
1683135;7139819
1368424;6345667
1682665;7074087
1411674;6492915
1411674;6492915
1674840;7059123
1674945;7058543
1767074;7497536
1673160;7060370
1582398;6649148
1604370;6634392
1696079;7052434
1452566;7305740
1450585;7308158
1762196;7158805
1716389;7328585
1724569;7322751
1524959;7381732
1533463;7287406
1543483;6912571
1360882;6878277
1357552;6882702
1357552;6882702
1357552;6882702
1357552;6882702
1352509;6876503
1346528;6879413
1574738;6727744
1500987;6938075
1447536;7179398
1562102;6950344
1664052;7178953
1230297;6525856
1647568;7486173
1594650;7327140
1565359;7037336
1771098;7496510
1510048;6312222
1771085;7496490
1540220;6859170
1370161;6468925
1675780;7153607
1419533;6981893
1314613;6943384
1715427;7084461
1609835;7097952
1675428;7154921
1581177;6727059
1666164;7165091
1375503;7000048
1607363;7096583
1424880;6625400
1375470;6578350
1448007;7220977
1330592;6948268
1660436;7102213
1366890;6588548
1496859;6304212
1344850;6966490
1675466;7084636
1665866;7127509
1328428;6961866
1328913;6960889
1327079;6955904
1674999;7058420
1673181;7060361
1444040;6584110
1676087;7057600
1339279;6954798
1271423;6379361
1873362;7342486
1712767;7392494
1736300;7336662
1644229;6563710
1634512;7531813
1702022;7173413
1449112;6579027
1873422;7342644
1675397;7058255
1771091;7496494
1466955;7296639
1695420;7389770
1707878;7452365
1607821;6645937
1701810;7086178
1405489;6246780
1726972;7097524
1694717;7391399
1873475;7342692
1501702;6659072
1366890;6588548
1366910;6588330
1724540;7086050
1317808;6889600
1317808;6889600
1366103;6587247
1318422;6889746
1561835;6668003
1619161;6591075
1559558;6657880
1559558;6657880
1536037;6608195
1346473;6457826
1346473;6457826
1558122;6651100
1366030;6776185
1558122;6651100
1574738;6727744
1285078;6452567
1618692;6609766
1656070;7154913
1507135;7121913
1449523;6901744
1589832;6709867
1454275;7330593
1584734;6933664
1585182;6933813
1467459;7297158
1448646;7307665
1369088;6585166
1516227;6355244
1672582;7043592
1635884;7000060
1432870;6323710
1600414;6637232
1628258;7103695
1255724;6429695
1330485;7019360
1338180;6980049
1779248;7160753
1652731;7179906
1651738;7090992
1652731;7179906
1686021;7125964
1451780;6575240
1679014;7133393
1656850;7178500
1324992;6255751
1619009;7591985
1333791;6942199
1682752;7168334
1712355;7135956
1707809;7136516
1351140;6908702
1315129;6946418
1289740;6632137
1312700;7028100
1464325;6739217
1714955;7378465
1363526;6346959
1398136;6362391
1365142;6330326
1539461;6701705
1387898;6370086
1466354;6727833
1386718;6408579
1263270;6499220
1328885;6433399
1298951;6402646
1318862;6943000
1359737;6587450
1325554;6942429
1325694;6941691
1320916;6942199
1313574;6944245
1313724;6944658
1314068;6944411
1318862;6943000
1328456;6962123
1328456;6962123
1328738;6961968
1328996;6960676
1320916;6942199
1320916;6942199
1318862;6943000
1320976;6942023
1317808;6889600
1315202;6946275
1320916;6942199
1320976;6942023
1255711;6429711
1321324;6941847
1359737;6587451
1711714;7089002
1361288;6806249
1325644;6942931
1619934;7590914
1812787;7562867
1711832;7088758
1812385;7576675
1590218;6716125
1712379;7088493
1812477;7576598
1584389;6977403
1554308;6940724
1633318;6980842
1575845;6651774
1620089;7588743
1777819;7160376
1633377;6980808
1799597;7501217
1454210;6933768
1624933;6567144
1736528;7112106
1667067;7094209
1565117;6937283
1660604;7102186
1277221;6395799
1607703;7097750
1596832;7090830
1608454;7094772
1599942;6628757
1689124;7104127
1661934;6563703
1619379;7147996
1312793;6373297
1366030;6776185
1712490;7096750
1642680;6618651
1642905;6618880
1470599;6978008
1661345;6563014
1501372;7094026
1537725;6991540
1448319;6906717
1449355;6901715
1537725;6991540
1449523;6901744
1465357;6896848
1618969;6608994
1618172;6604384
1451761;7307075
1637662;7003155
1325390;6940921
1321824;6941337
1621865;7588009
1342582;6961242
1344863;6967906
1351569;6895681
1452462;7217869
1468897;7220297
1439297;7224633
1312055;6950169
1339110;6956889
1343482;6962672
1478629;7207489
1617563;7595330
1480226;7015025
1457752;6579040
1301760;6488550
1351485;6522000
1637224;7004994
1500078;7169855
1548546;7125512
1803550;7283612
1392984;6341787
1582813;6720669
1408210;6384797
1386718;6408579
1285897;6439322
1369083;6687298
1357730;6706210
1637224;7004994
1350380;6720805
1589568;6721562
1613871;7462163
1441023;6588460
1320911;6418620
1320935;6418663
1587123;7465199
1390019;6282181
1350549;6527612
1673231;7060413
1603154;7593579
1603355;7100190
1331152;6947933
1673395;7044739
1592310;7119559
1349089;6953731
1618419;7591087
1369088;6585166
1748571;7107990
1773138;7312230
1468922;6235843
1344950;6875564
1685714;7103782
1497100;6884000
1531472;6278490
1531407;6278382
1531472;6278490
1531279;6278285
1267402;6403581
1642390;6592239
1231490;6533920
1649182;6589435
1514525;6811521
1331205;6720493
1230773;6536646
1268827;6471134
1288574;6391231
1230261;6537807
1268827;6471134
1266223;6490411
1324693;6395836
1323711;6760096
1323711;6760096
1323536;6760250
1561929;6930407
1561023;6930919
1561846;6930528
1561846;6930528
1533716;6727607
1485323;6804508
1533716;6727607
1582165;6954410
1582165;6954410
1582343;6954670
1582343;6954670
1582121;6954200
1581727;6947868
1581641;6950567
1582165;6954410
1489731;6852772
1582165;6954410
1581810;6955793
1581810;6955793
1582439;6955559
1582283;6955552
1582283;6955552
1582283;6955552
1582576;6957380
1581810;6955793
1581810;6955793
1581810;6955793
1582576;6957380
1582135;6956764
1582135;6956764
1582135;6956764
1582135;6956764
1582135;6956764
1721043;7454397
1536661;7499706
1300290;6226950
1765998;7272235
1765998;7272235
1765998;7272235
1765998;7272235
1811908;7575521
1846360;7415242
1555191;6653123
1650572;6709652
1708417;7607103
1650309;6709346
1811908;7575521
1333137;6931550
1841764;7393571
1621255;6559449
1538132;7080111
1361685;6587180
1361685;6587180
1602497;6586599
1728023;7465672
1660735;6670320
1333082;6931550
1348056;6724884
1428637;6396969
1832853;7433787
1728914;7084992
1765973;7272237
1394525;6705508
1394612;6704307
1396805;6703727
1396551;6707737
1394947;6704124
1396805;6703727
1394947;6704124
1395122;6704185
1394525;6705508
1394684;6709910
1394600;6704956
1394883;6709316
1453727;6366435
1376606;6388325
1449878;6386705
1394684;6709910
1449878;6386705
1476250;6389801
1395122;6704185
1394826;6704531
1394600;6704956
1673967;6568435
1673715;6568817
1331484;6918317
1665866;7127509
1674040;6568560
1674164;6568423
1622909;6567719
1665917;7126821
1510650;7319928
1598930;6923062
1607821;6645937
1697290;7450452
1486961;7207310
1673715;6568817
1335949;6946225
1799325;7501552
1548126;6625052
1799143;7501697
1716247;7605995
1682805;7039659
1522034;7331307
1435171;6707866
1537714;6394417
1584692;6934206
1517500;7326452
1281204;6337888
1276735;6445172
1701327;7536509
1799597;7501217
1816865;7480207
1726872;7097562
1727136;7097194
1702844;7065939
1341587;6872515
1419740;6759790
1669270;6359099
1727073;7088460
1569876;7023235
1549872;7363657
1377573;6485243
1460240;6662760
1507960;6665196
1677258;6404772
1551490;6678049
1551490;6678049
1551490;6678049
1665842;7126813
1665858;7126807
1670150;7237850
1368020;6585040
1613143;7358267
1455651;6453650
1665860;7126790
1455651;6453650
1677335;6404763
1594384;7327430
1677594;6405402
1729900;7084515
1446877;7178396
1601982;7198997
1460486;6663396
1350104;6371980
1729900;7084515
1525611;6715009
1622630;6589140
1622673;6589070
1622796;6588971
1613168;6586092
1629240;6584629
1618218;6573994
1618864;6591229
1619133;6591096
1619131;6591085
1619128;6591114
1613180;6586115
1620138;6576989
1628669;6572487
1622480;6589298
1622567;6589202
1729943;7084537
1619186;6590987
1622572;6589192
1231352;6534187
1446877;7178396
1665917;7126821
1472538;6325983
1729307;7084916
1607531;7097778
1607469;7099093
1413650;6672710
1645707;7235835
1626652;7242053
1686397;7163103
1623393;7587931
1369088;6585166
1432208;6732111
1678257;7113450
1667086;7094323
1613223;6952472
1624532;7587186
1395823;6802383
1627074;6600999
1716607;7378573
1729307;7084916
1702844;7065939
1777290;7164972
1722630;7075590
1346392;6870231
1673967;6568435
1762182;7360541
1343144;6233551
1589834;6686408
1369981;6581865
1686938;6406154
1684864;6425995
1261300;6435500
1416987;7114556
1665766;7128029
1761174;7493002
1365606;6715336
1456003;6545953
1276546;6563937
1489852;6731810
1441485;7223728
1580914;7197911
1596440;7192948
1766567;7226339
1444810;7011199
1730734;7162584
1701377;7209347
1474286;6304652
1258202;6398677
1689486;7129030
1616262;7594513
1631850;7009230
1779481;7411257
1594560;7327333
1589764;6686394
1451172;6946795
1665861;7126798
1702844;7065939
1386543;6345378
1421393;6795031
1722782;7073587
1567650;6760524
1367563;6818322
1638878;6382244
1451695;6587974
1568046;6760872
1695169;7077754
1686528;7535560
1607013;7098394
1711204;7103055
1726835;7308174
1319444;6967862
1730938;7286621
1767599;7324352
1623691;7603054
1711204;7103055
1359570;6588400
1317498;6891846
1317498;6891846
1680406;7098405
1609456;7098186
1680406;7098405
1711204;7103055
1620142;6584369
1620458;6582599
1609014;7098405
1682520;7660790
1682520;7660790
1691237;7630869
1622577;7587685
1619958;7588188
1622577;7587685
1619958;7588188
1276953;6408334
1276953;6408334
1873545;7342595
1366103;6587247
1231889;6520337
1691570;7604922
1708473;7606529
1708146;7605182
1572807;6614462
1326184;7012393
1630759;6701068
1460700;6749430
1351505;6522008
1257270;6509705
1676431;7495857
1473505;6537095
1474400;7261900
1622104;6534022
1320916;6942199
1232345;6520743
1711204;7103055
1667634;7165213
1348056;6997673
1467900;7274300
1425500;7203600
1335535;6839810
1445310;6576794
1663144;7244857
1663940;7242167
1599723;6632061
1588147;6933987
1350638;7098089
1559086;6421624
1524728;7065454
1332884;6946146
1337712;6950566
1446150;6576388
1603308;7596153
1759795;7283519
1516930;7255434
1516930;7255434
1790242;7379325
1572421;6614152
1446242;6581370
1763288;7143103
1538630;7278220
1445447;6580458
1540100;7169900
1722080;7069020
1667592;7558725
1561393;7509153
1570650;7515223
1698437;7122218
1726923;7097309
1710130;7456735
1477510;6432610
1659311;7037558
1619005;6517160
1626960;7587260
1314922;7028801
1397862;6711970
1698650;7122680
1611121;6626521
1446235;6581406
1593348;7327771
1629776;7531231
1625557;7531897
1402031;6280448
1308274;6538677
1691408;7068934
1509055;7320000
1504412;7407248
1709218;7459592
1445884;6576475
1722170;7068320
1620726;7588120
1621274;7588621
1257482;6398496
1259394;6399130
1259650;6399098
1259394;6399130
1259650;6399100
1259650;6399098
1259650;6399098
1259650;6399098
1259394;6399130
1259650;6399098
1259650;6399100
1259650;6399098
1259650;6399098
1259650;6399098
1259650;6399098
1755760;7088186
1726502;7086288
1694324;7534800
1355629;6176255
1234517;6486735
1615882;6643582
1434586;6470196
1577359;6930313
1753338;7078897
1747826;7085688
1789386;7281326
1789386;7281326
1789386;7281326
1313278;6236561
1325101;6773700
1615766;7180927
1518295;7317538
1518873;7318013
1516762;7318173
1510948;7318241
1374841;6588176
1355114;6528418
1351572;6521947
1352625;6526939
1351121;6522990
1452068;7218968
1436677;6781695
1541142;6257222
1342016;6960269
1344745;6966716
1344755;6966315
1663033;6410976
1689187;7059215
1622197;6969033
1621728;6602719
1665123;6561936
1727248;7083449
1605427;6633280
1553735;6418957
1764386;7313318
1398105;6364483
1321262;6299455
1321262;6299455
1614219;6944996
1341717;6688804
1555613;6506746
1251086;6425944
1399167;6357467
1326372;6952427
1359496;6588467
1396267;6359417
1494902;6447801
1733216;7502603
1594263;6552341
1503357;7196798
1267175;6402232
1257071;6404933
1272125;6432332
1342307;6278689
1258120;6408416
1732967;7284448
1616511;7480165
1616511;7480165
1832132;7363375
1746543;7522340
1622989;7307692
1651334;7300826
1619576;7324985
1649108;7276027
1270791;6401098
1315187;6946332
1618744;6990747
1678253;7543612
1613984;7148199
1343084;6980282
1387071;7069505
1305213;6418253
1305225;6418312
1646405;7101617
1387458;6370216
1508949;7405115
1444712;7011232
1342158;6977828
1342158;6977828
1616176;7596055
1596691;6945985
1442674;6433456
1448703;6434995
1288528;6504227
1598796;7113473
1369122;6573097
1603844;7320192
1419873;6759834
1542485;6508561
1519653;6494564
1332282;6747497
1316333;6762080
1314019;6773608
1436418;6999539
1317300;6759214
1468495;6549724
1597597;6606871
1445947;6828515
